{
  "final_metrics": {
    "test_accuracy": 0.8767123222351074,
    "test_loss": 0.4145883023738861,
    "precision_by_class": [
      0.6363636363636364,
      0.9166666666666666,
      0.9285714285714286
    ],
    "recall_by_class": [
      0.875,
      0.9361702127659575,
      0.7222222222222222
    ],
    "f1_by_class": [
      0.7368421052631579,
      0.9263157894736843,
      0.8125000000000001
    ],
    "support_by_class": [
      8,
      47,
      18
    ]
  },
  "training_info": {
    "device": "CPU",
    "batch_size": 8,
    "epochs_completed": 25,
    "total_params": 160451,
    "training_time_minutes": 9,
    "samples_per_second": 23.17
  },
  "confusion_matrix": [
    [
      7,
      1,
      0
    ],
    [
      2,
      44,
      1
    ],
    [
      2,
      3,
      13
    ]
  ],
  "classification_report": {
    "document": {
      "precision": 0.6363636363636364,
      "recall": 0.875,
      "f1-score": 0.7368421052631579,
      "support": 8.0
    },
    "licence": {
      "precision": 0.9166666666666666,
      "recall": 0.9361702127659575,
      "f1-score": 0.9263157894736843,
      "support": 47.0
    },
    "odometer": {
      "precision": 0.9285714285714286,
      "recall": 0.7222222222222222,
      "f1-score": 0.8125000000000001,
      "support": 18.0
    },
    "accuracy": 0.8767123287671232,
    "macro avg": {
      "precision": 0.8272005772005772,
      "recall": 0.8444641449960599,
      "f1-score": 0.8252192982456141,
      "support": 73.0
    },
    "weighted avg": {
      "precision": 0.8888839471031251,
      "recall": 0.8767123287671232,
      "f1-score": 0.8774873828406633,
      "support": 73.0
    }
  }
}