{
  "gpu_results": {
    "test_accuracy": 0.698630154132843,
    "test_loss": 0.6187318563461304,
    "best_val_accuracy": 0.7465753555297852,
    "training_time_seconds": 30,
    "speedup_vs_cpu": 15.02,
    "samples_per_second": 214.6
  },
  "cpu_comparison": {
    "cpu_accuracy": 0.9589,
    "cpu_time_seconds": 464,
    "cpu_samples_per_second": 27.4
  },
  "training_history": {
    "loss": [
      0.9316245913505554,
      0.6425877213478088,
      0.35065844655036926,
      0.38787639141082764,
      0.2387285828590393,
      0.2029661238193512,
      0.16231714189052582,
      0.1511661261320114,
      0.08974111080169678,
      0.07217894494533539,
      0.0650549978017807,
      0.04937093332409859,
      0.08254560828208923
    ],
    "accuracy": [
      0.5784313678741455,
      0.7215686440467834,
      0.8607842922210693,
      0.8588235378265381,
      0.8960784077644348,
      0.9235293865203857,
      0.954901933670044,
      0.9470587968826294,
      0.9647058844566345,
      0.9725490212440491,
      0.970588207244873,
      0.9823529124259949,
      0.9666666388511658
    ],
    "val_loss": [
      2.4360265731811523,
      0.7910234928131104,
      0.599610447883606,
      1.5297770500183105,
      1.1603957414627075,
      1.2322012186050415,
      1.5273993015289307,
      1.2294687032699585,
      1.3456227779388428,
      1.3171839714050293,
      1.3024795055389404,
      1.0579434633255005,
      0.9846638441085815
    ],
    "val_accuracy": [
      0.1780821979045868,
      0.6506849527359009,
      0.7054794430732727,
      0.5,
      0.7465753555297852,
      0.732876718044281,
      0.732876718044281,
      0.7397260069847107,
      0.7123287916183472,
      0.7260273694992065,
      0.7123287916183472,
      0.7397260069847107,
      0.7397260069847107
    ],
    "lr": [
      0.0010000000474974513,
      0.0010000000474974513,
      0.0010000000474974513,
      0.0010000000474974513,
      0.0010000000474974513,
      0.0010000000474974513,
      0.0010000000474974513,
      0.0010000000474974513,
      0.00020000000949949026,
      0.00020000000949949026,
      0.00020000000949949026,
      0.00020000000949949026,
      0.00020000000949949026
    ]
  }
}