{
  "model_info": {
    "name": "Vehicle Document Classifier (CPU)",
    "parameters": 160451,
    "architecture": "Custom CNN",
    "training_epochs": 25
  },
  "performance_metrics": {
    "test_accuracy": 0.9726027250289917,
    "test_loss": 0.19151566922664642,
    "confidence_interval": {
      "lower": 0.9315068493150684,
      "upper": 1.0,
      "mean": 0.9725068493150686
    },
    "class_metrics": {
      "document": {
        "precision": 0.8,
        "recall": 1.0,
        "f1-score": 0.888888888888889,
        "support": 8
      },
      "licence": {
        "precision": 1.0,
        "recall": 1.0,
        "f1-score": 1.0,
        "support": 47
      },
      "odometer": {
        "precision": 1.0,
        "recall": 0.8888888888888888,
        "f1-score": 0.9411764705882353,
        "support": 18
      }
    }
  },
  "robustness_metrics": {
    "noise_tolerance": {
      "0.0": 0.9726027250289917,
      "0.05": 0.7945205569267273,
      "0.1": 0.42465752363204956,
      "0.15": 0.10958904027938843,
      "0.2": 0.10958904027938843
    },
    "error_analysis": {
      "total_errors": 2,
      "error_rate": 0.0273972602739726,
      "avg_error_confidence": 0.9834888577461243
    }
  },
  "inference_metrics": {
    "mean_time_ms": 6.2120819091796875,
    "median_time_ms": 6.032586097717285,
    "p95_time_ms": 7.232010364532471,
    "throughput_imgs_per_sec": 160.97662822543998
  },
  "business_metrics": {
    "target_accuracy": 0.8,
    "achieved_accuracy": 0.9726027250289917,
    "target_exceeded_by": 17.260272502899166,
    "automation_rate": 0.9726027250289917,
    "efficiency_gain": "30-60x improvement",
    "production_readiness": "READY"
  },
  "validation_metrics": {
    "statistical_significance": {
      "vs_target_p_value": 0.0,
      "significantly_better": 