{
  "final_metrics": {
    "test_accuracy": 0.9452054500579834,
    "test_loss": 0.08160392194986343,
    "precision_by_class": [
      0.7777777777777778,
      0.9787234042553191,
      0.9411764705882353
    ],
    "recall_by_class": [
      0.875,
      0.9787234042553191,
      0.8888888888888888
    ],
    "f1_by_class": [
      0.823529411764706,
      0.9787234042553191,
      0.9142857142857143
    ],
    "support_by_class": [
      8,
      47,
      18
    ]
  },
  "training_info": {
    "device": "CPU",
    "batch_size": 8,
    "epochs_completed": 25,
    "total_params": 160451,
    "training_time_minutes": 7,
    "samples_per_second": 27.43
  },
  "confusion_matrix": [
    [
      7,
      1,
      0
    ],
    [
      0,
      46,
      1
    ],
    [
      2,
      0,
      16
    ]
  ],
  "classification_report": {
    "document": {
      "precision": 0.7777777777777778,
      "recall": 0.875,
      "f1-score": 0.823529411764706,
      "support": 8.0
    },
    "licence": {
      "precision": 0.9787234042553191,
      "recall": 0.9787234042553191,
      "f1-score": 0.9787234042553191,
      "support": 47.0
    },
    "odometer": {
      "precision": 0.9411764705882353,
      "recall": 0.8888888888888888,
      "f1-score": 0.9142857142857143,
      "support": 18.0
    },
    "accuracy": 0.9452054794520548,
    "macro avg": {
      "precision": 0.8992258842071107,
      "recall": 0.914204097714736,
      "f1-score": 0.9055128434352464,
      "support": 73.0
    },
    "weighted avg": {
      "precision": 0.9474438177097323,
      "recall": 0.9452054794520548,
      "f1-score": 0.9458270979624727,
      "support": 73.0
    }
  }
}