{
  "preset": "accuracy",
  "config": {
    "batch_size": 8,
    "image_size": 224,
    "shuffle_buffer": 1000,
    "prefetch_buffer": 2,
    "cache_dataset": true,
    "base_filters": 32,
    "depth_multiplier": 2,
    "num_blocks": 4,
    "use_extra_block": true,
    "global_pool": "avg",
    "dense_units": [
      512,
      256,
      128
    ],
    "dropout_rates": [
      0.25,
      0.25,
      0.3,
      0.5,
      0.3
    ],
    "epochs": 35,
    "learning_rate": 0.0005,
    "optimizer": "adam",
    "loss_function": "sparse_categorical_crossentropy",
    "early_stopping_patience": 12,
    "lr_reduce_patience": 5,
    "lr_reduce_factor": 0.2,
    "min_lr": 1e-05,
    "use_batch_norm": true,
    "use_l2_reg": false,
    "l2_strength": 0.001,
    "use_mixed_precision": false,
    "use_augmentation": false,
    "augmentation_strength": 0.1
  },
  "results": {
    "test_accuracy": 0.9726027250289917,
    "test_loss": 0.1540069431066513,
    "best_val_accuracy": 0.9931507110595703,
    "training_time": "0:01:28.183203",
    "parameters": 2783651
  },
  "training_history": {
    "loss": [
      0.9032667279243469,
      0.6246455907821655,
      0.489053338766098,
      0.3220760226249695,
      0.38670772314071655,
      0.2066887766122818,
      0.21280229091644287,
      0.2838556170463562,
      0.3563012480735779,
      0.24889065325260162,
      0.15841157734394073,
      0.20042015612125397,
      0.15462517738342285,
      0.0991402119398117,
      0.12876848876476288,
      0.10135803371667862,
      0.12494445592164993,
      0.1393594592809677,
      0.06246389448642731,
      0.07471963763237,
      0.07281461358070374,
      0.06060159206390381,
      0.04994041845202446,
      0.06088639795780182,
      0.05655908212065697,
      0.05683932080864906,
      0.07283691316843033,
      0.051489975303411484,
      0.056631721556186676,
      0.03619638457894325,
      0.039389681071043015,
      0.025404278188943863,
      0.019871991127729416,
      0.027705220505595207,
      0.02875889465212822
    ],
    "accuracy": [
      0.6098039150238037,
      0.7137255072593689,
      0.7921568751335144,
      0.8588235378265381,
      0.8372548818588257,
      0.9098039269447327,
      0.9078431129455566,
      0.8999999761581421,
      0.8333333134651184,
      0.9137254953384399,
      0.9176470637321472,
      0.9117646813392639,
      0.9235293865203857,
      0.9686274528503418,
      0.9666666388511658,
      0.9647058844566345,
      0.9470587968826294,
      0.9470587968826294,
      0.9686274528503418,
      0.9647058844566345,
      0.9686274528503418,
      0.9823529124259949,
      0.9803921580314636,
      0.9686274528503418,
      0.9803921580314636,
      0.9764705896377563,
      0.9666666388511658,
      0.9823529124259949,
      0.9725490212440491,
      0.9784313440322876,
      0.9843137264251709,
      0.9901960492134094,
      0.9921568632125854,
      0.9803921580314636,
      0.9901960492134094
    ],
    "val_loss": [
      1.2960054874420166,
      2.5226244926452637,
      1.965478539466858,
      0.7931666970252991,
      1.8930952548980713,
      0.6401153206825256,
      0.8401269912719727,
      0.25076040625572205,
      0.25756406784057617,
      0.46012553572654724,
      0.465633749961853,
      0.2739522159099579,
      0.415362685918808,
      0.1471848487854004,
      0.0836721807718277,
      0.07006169110536575,
      0.0975443571805954,
      0.17826680839061737,
      0.08477336168289185,
      0.06157756224274635,
      0.05202163755893707,
      0.058688562363386154,
      0.03583326190710068,
      0.061712127178907394,
      0.06344804912805557,
      0.05882427841424942,
      0.07619080692529678,
      0.07939039170742035,
      0.05480841547250748,
      0.04875633865594864,
      0.04818659648299217,
      0.049694206565618515,
      0.0455874428153038,
      0.045918889343738556,
      0.04563552513718605
    ],
    "val_accuracy": [
      0.27397260069847107,
      0.28082191944122314,
      0.6506849527359009,
      0.732876718044281,
      0.4794520437717438,
      0.7534246444702148,
      0.6917808055877686,
      0.931506872177124,
      0.9041095972061157,
      0.8287671208381653,
      0.8424657583236694,
      0.8972602486610413,
      0.8424657583236694,
      0.9520547986030579,
      0.9726027250289917,
      0.9726027250289917,
      0.965753436088562,
      0.9452054500579834,
      0.9726027250289917,
      0.9863013625144958,
      0.9863013625144958,
      0.9931507110595703,
      0.9931507110595703,
      0.9863013625144958,
      0.9794520735740662,
      0.9863013625144958,
      0.9794520735740662,
      0.9794520735740662,
      0.9863013625144958,
      0.9931507110595703,
      0.9931507110595703,
      0.9931507110595703,
      0.9931507110595703,
      0.9931507110595703,
      0.9931507110595703
    ],
    "lr": [
      0.0005000000237487257,
      0.0005000000237487257,
      0.0005000000237487257,
      0.0005000000237487257,
      0.0005000000237487257,
      0.0005000000237487257,
      0.0005000000237487257,
      0.0005000000237487257,
      0.0005000000237487257,
      0.0005000000237487257,
      0.0005000000237487257,
      0.0005000000237487257,
      0.0005000000237487257,
      0.00010000000474974513,
      0.00010000000474974513,
      0.00010000000474974513,
      0.00010000000474974513,
      0.00010000000474974513,
      0.00010000000474974513,
      0.00010000000474974513,
      0.00010000000474974513,
      0.00010000000474974513,
      0.00010000000474974513,
      0.00010000000474974513,
      0.00010000000474974513,
      0.00010000000474974513,
      0.00010000000474974513,
      0.00010000000474974513,
      2.0000001313746907e-05,
      2.0000001313746907e-05,
      2.0000001313746907e-05,
      2.0000001313746907e-05,
      2.0000001313746907e-05,
      9.999999747378752e-06,
      9.999999747378752e-06
    ]
  }
}